{"accuracy": [0.6039832234382629, 0.8587666153907776, 0.9139483571052551, 0.9392560124397278, 0.955274224281311, 0.9629276394844055, 0.9704815149307251, 0.9748203754425049, 0.9778504967689514, 0.9809090495109558], "loss": [1.3372236490249634, 0.4470638930797577, 0.2676861584186554, 0.18599192798137665, 0.13655847311019897, 0.11121120303869247, 0.08986768126487732, 0.07673387229442596, 0.06726952642202377, 0.058150261640548706], "val_accuracy": [0.8243796825408936, 0.9066128134727478, 0.9228317737579346, 0.9192465543746948, 0.9562941193580627, 0.9601069688796997, 0.9531641006469727, 0.9587981104850769, 0.9580013751983643, 0.9679034948348999], "val_loss": [0.559726893901825, 0.29244834184646606, 0.23701997101306915, 0.2528739273548126, 0.14444608986377716, 0.12805519998073578, 0.14483767747879028, 0.13898026943206787, 0.15101692080497742, 0.11511576920747757]}